step,mean_nll,std_nll,energy_distance,energy_distance_std,ess,ess_std
199999,1550003.7950785672,1804854.441570552,0.003844093084335327,0.005106980706937816,0.00020487098539888392,2.393276914671975e-05
