step,mean_nll,std_nll,energy_distance,energy_distance_std,ess,ess_std
13999,6.4191423559188845,0.06019470088724014,0.10818244457244873,0.004286277620887311,0.23310975603759287,0.007120166302141121
