step,mean_nll,std_nll,energy_distance,energy_distance_std,ess,ess_std
1999,4.453835740089416,0.018460898665038427,0.12105045557022094,0.004273156417418636,0.16964274793863296,0.0045640157242741765
