step,mean_nll,std_nll,energy_distance,energy_distance_std,ess,ess_std
3999,4.3464090180397035,0.016436890631222337,0.117412531375885,0.003851939764101007,0.20994335487484933,0.006397367599596002
