step,mean_nll,std_nll,energy_distance,energy_distance_std,ess,ess_std
final,4.346769556999207,0.01584258351040417,0.11713109016418458,0.004154794303574021,0.21041820369660855,0.005904671730712118
final,4.348567888736725,0.01516860474991853,0.11716321706771851,0.004100194378470569,0.21034519448876382,0.0064827254610559165
