step,mean_nll,std_nll,energy_distance,energy_distance_std,ess,ess_std
final,3.5348141956329346,0.011297456851967595,0.0006967663764953613,0.0004144778966572009,0.998742344379425,0.00029771896625459916
