step,mean_nll,std_nll,energy_distance,energy_distance_std,ess,ess_std
final,3.5987400567531584,0.231436135148942,0.0007576680183410644,0.00037148050743590903,0.9975973591208458,0.017850984128714754
