step,mean_nll,std_nll,energy_distance,energy_distance_std,ess,ess_std
final,1450003.76703745,1684488.001765478,0.003351489305496216,0.003987343753963679,0.00020343141120974907,2.065203687647675e-05
