step,mean_nll,std_nll,energy_distance,energy_distance_std,ess,ess_std
399999,3.5691837561130524,0.14655582800532957,0.0008226144313812256,0.0004614028966563031,0.9988183626532554,0.0006727172700202849
