step,mean_nll,std_nll,energy_distance,energy_distance_std,ess,ess_std
19999,3.537938460111618,0.012987541806784292,0.0007036805152893066,0.0004070495123148782,0.9988551625609398,0.00016746082325508961
