step,mean_nll,std_nll,energy_distance,energy_distance_std,ess,ess_std
final,3.5316365587711336,0.012114004522585991,0.0007385575771331787,0.0004557061225232457,0.9980043080449105,0.0002477364088898029
