step,mean_nll,std_nll,energy_distance,energy_distance_std,ess,ess_std
19999,10003.538271068335,141067.34822268024,0.0006935596466064453,0.0004177214496092671,0.9960864686965942,0.0008678906307413425
