step,mean_nll,std_nll,energy_distance,energy_distance_std,ess,ess_std
final,3.545772635936737,0.012025524762971584,0.0008523941040039062,0.0004663242866614044,0.9875780460238457,0.0017453824443941762
