step,mean_nll,std_nll,energy_distance,energy_distance_std,ess,ess_std
7999,3.556520856618881,0.01225669580257186,0.0009048843383789063,0.000521646562468932,0.9765272256731987,0.004618052528720834
