step,mean_nll,std_nll,energy_distance,energy_distance_std,ess,ess_std
final,3.5544692420959474,0.012508298301365142,0.0007635748386383057,0.00038986310689093984,0.9755178371071815,0.014650004454881113
