step,mean_nll,std_nll,energy_distance,energy_distance_std,ess,ess_std
19999,10003.53389070034,141067.34853319646,0.0006861388683319092,0.0004026732510418377,0.9984754759073258,0.00024597575526388003
